Word,Frequency
the,4318
project,3
gutenberg,2
ebook,2
of,3606
pride,49
and,3490
prejudice,8
by,629
jane,265
austen,3
chapter,61
1,1
it,1472
is,835
a,1941
truth,27
universally,3
acknowledged,20
that,1482
single,12
man,146
in,1869
possession,9
good,191
fortune,39
must,304
be,1239
want,44
wife,44
however,134
little,188
known,58
feelings,86
or,298
views,11
such,385
may,187
on,711
his,1251
first,145
entering,9
neighbourhood,29
this,417
so,585
well,206
fixed,22
minds,4
surrounding,2
families,7
he,1298
considered,23
rightful,1
property,8
some,205
one,262
other,210
their,441
daughters,49
"my,50
dear,153
mr,769
bennet,294
",1734
said,401
lady,176
to,4146
him,753
day,140
"have,6
you,1232
heard,84
netherfield,73
park,22
let,65
at,784
last,120
replied,103
had,1171
not,1409
"but,83
returned,45
she,1675
"for,17
mrs,338
long,115
has,216
just,72
been,514
here,66
told,69
me,431
all,618
about,120
made,126
no,460
answer,65
"do,16
know,236
who,279
taken,31
cried,91
impatiently,5
"_you_,7
tell,69
i,1767
have,834
objection,15
hearing,24
was,1839
invitation,34
enough,106
"why,10
my,652
says,15
young,130
large,23
from,487
north,6
england,5
came,90
down,73
monday,9
chaise,11
four,35
see,149
place,75
much,325
delighted,23
with,1046
agreed,12
morris,1
immediately,60
take,78
before,226
michaelmas,2
servants,13
are,330
house,107
end,30
next,70
week,29
"what,39
name,33
"bingley,1
"is,22
married,61
"oh,66
sure,101
five,32
thousand,34
year,29
what,437
fine,31
thing,42
for,1039
our,72
girls,45
"how,28
how,203
can,201
affect,3
them,429
tiresome,2
am,316
thinking,21
marrying,23
design,21
settling,3
"design,1
nonsense,7
talk,32
but,919
very,474
likely,38
_may_,2
fall,9
love,91
therefore,75
visit,51
as,1165
soon,216
comes,16
"i,297
occasion,37
go,102
send,24
themselves,34
which,534
perhaps,65
will,404
still,72
better,92
handsome,37
any,268
bingley,253
like,76
best,41
party,56
flatter,10
certainly,65
_have_,2
share,14
beauty,27
do,325
pretend,7
anything,80
extraordinary,16
now,199
when,357
woman,56
grown,5
up,123
ought,44
give,123
over,91
her,2201
own,182
"in,11
cases,6
often,89
think,211
indeed,79
into,142
"it,61
more,323
than,280
engage,5
assure,39
consider,33
your,418
only,213
an,357
establishment,6
would,466
sir,76
william,39
lucas,64
determined,32
merely,32
account,38
general,51
they,584
newcomers,1
impossible,43
_us_,2
if,308
"you,93
scrupulous,1
surely,3
dare,40
say,158
glad,37
few,71
lines,9
hearty,2
consent,13
whichever,2
chooses,8
though,222
throw,8
word,48
lizzy,84
desire,23
bit,3
others,53
half,69
nor,72
humoured,7
lydia,130
always,119
giving,25
_her_,21
preference,10
"they,13
none,18
recommend,12
silly,12
ignorant,16
something,70
quickness,3
sisters,73
"mr,15
_can_,1
abuse,2
children,25
way,108
delight,25
vexing,1
compassion,14
poor,37
nerves,4
mistake,8
high,17
respect,30
old,13
friends,54
mention,30
consideration,14
these,66
twenty,17
years,33
least,65
"ah,4
suffer,13
hope,121
get,52
live,21
many,119
men,34
come,88
use,15
us,121
should,245
since,56
"depend,1
upon,69
there,329
odd,5
mixture,5
quick,10
parts,5
sarcastic,1
humour,25
reserve,7
caprice,4
experience,2
three,60
insufficient,10
make,165
understand,30
character,64
mind,57
less,77
difficult,11
develop,1
mean,34
understanding,21
information,27
uncertain,2
temper,24
discontented,2
fancied,7
herself,227
nervous,4
business,45
life,56
its,105
solace,1
visiting,5
news,31
2,2
among,25
earliest,6
those,59
waited,7
intended,21
assuring,4
till,93
evening,72
after,199
paid,19
knowledge,20
then,168
disclosed,1
following,23
manner,97
observing,12
second,25
daughter,77
employed,8
trimming,1
hat,2
suddenly,16
addressed,17
"we,16
_what_,1
likes,9
mother,112
resentfully,2
"since,3
we,231
forget,17
mamma,10
elizabeth,595
"that,59
shall,158
meet,31
assemblies,2
promised,21
introduce,11
believe,85
two,131
nieces,9
selfish,7
hypocritical,2
opinion,68
"no,30
"and,95
find,58
depend,22
serving,1
deigned,3
reply,26
unable,14
contain,6
began,59
scolding,2
"don't,2
keep,25
coughing,1
kitty,67
heaven's,2
sake,23
tear,2
pieces,2
"kitty,2
discretion,5
coughs,1
father,116
"she,20
times,20
ill,75
cough,2
amusement,12
fretfully,2
"when,16
ball,36
"to,16
morrow,20
fortnight,21
"aye,6
does,80
back,41
"then,6
advantage,34
friend,104
"impossible,1
acquainted,24
myself,92
teasing,7
honour,42
circumspection,2
fortnight's,2
acquaintance,52
cannot,112
really,87
_we_,6
venture,5
somebody,7
else,43
neices,1
stand,10
chance,18
act,9
kindness,29
decline,2
office,6
stared,5
"nonsense,1
meaning,14
emphatic,1
exclamation,2
forms,2
introduction,11
stress,1
laid,8
quite,96
agree,6
_there_,5
mary,37
deep,7
reflection,10
read,40
great,142
books,13
extracts,2
wished,39
sensible,31
knew,57
"while,2
adjusting,1
ideas,13
continued,51
"let,10
return,49
sick,6
sorry,34
hear,71
_that_,33
why,43
did,257
morning,77
called,41
unlucky,10
actually,12
escape,10
astonishment,30
ladies,74
surpassing,1
rest,40
tumult,3
joy,12
declare,8
expected,43
while,73
persuade,18
loved,10
too,141
neglect,10
pleased,39
joke,3
gone,62
never,217
"now,5
choose,19
spoke,42
left,65
room,150
fatigued,4
raptures,7
excellent,20
door,35
shut,5
ever,130
amends,5
either,59
matter,29
time,203
pleasant,21
making,37
new,23
acquaintances,11
every,197
sakes,2
_are_,2
youngest,13
dance,32
stoutly,1
afraid,37
_am_,1
i'm,1
tallest,1
spent,22
conjecturing,2
bennet's,29
determining,2
ask,32
dinner,35
3,1
assistance,13
could,524
subject,84
sufficient,4
draw,6
husband,42
satisfactory,7
description,7
attacked,1
various,9
ways,3
barefaced,1
questions,16
ingenious,2
suppositions,1
distant,5
surmises,1
eluded,1
skill,3
were,562
obliged,29
accept,17
hand,25
intelligence,19
neighbour,8
report,17
highly,28
favourable,12
wonderfully,2
extremely,15
agreeable,45
crown,1
whole,79
meant,26
assembly,9
nothing,174
delightful,18
fond,16
dancing,21
certain,55
step,16
towards,67
falling,3
lively,15
hopes,23
bingley's,49
heart,45
entertained,7
"if,41
happily,5
settled,48
equally,20
wish,97
days,30
sat,38
ten,32
minutes,32
library,22
being,174
admitted,9
sight,17
whose,59
saw,103
somewhat,8
fortunate,15
ascertaining,1
upper,2
window,16
wore,2
blue,2
coat,4
rode,2
black,1
horse,3
afterwards,32
dispatched,4
already,27
planned,3
courses,3
credit,27
housekeeping,3
arrived,15
deferred,2
town,66
consequently,10
etc,13
disconcerted,3
imagine,27
arrival,30
hertfordshire,41
fear,24
might,200
flying,2
another,55
quieted,2
fears,9
starting,1
idea,49
london,55
followed,25
bring,18
twelve,4
seven,3
gentlemen,35
grieved,11
number,5
comforted,1
instead,21
brought,37
six,10
cousin,41
entered,36
consisted,2
altogether,8
eldest,19
looking,33
gentlemanlike,8
countenance,30
easy,24
unaffected,5
manners,45
women,19
air,30
decided,11
fashion,7
brother,66
law,16
hurst,32
looked,74
gentleman,31
darcy,372
drew,19
attention,68
tall,8
person,48
features,8
noble,11
mien,1
circulation,2
within,34
entrance,13
having,95
pronounced,10
figure,8
declared,15
handsomer,3
admiration,25
gave,54
disgust,5
turned,43
tide,2
popularity,1
discovered,7
proud,22
above,21
company,22
estate,20
derbyshire,24
save,3
most,185
forbidding,1
disagreeable,14
unworthy,4
compared,3
himself,127
principal,14
people,46
unreserved,3
danced,12
angry,17
closed,6
early,28
talked,38
amiable,34
qualities,6
speak,65
contrast,3
between,63
once,57
miss,272
declined,6
introduced,9
walking,26
speaking,32
occasionally,12
proudest,1
world,66
everybody,36
hoped,20
again,177
amongst,12
violent,9
against,52
dislike,23
behaviour,55
sharpened,2
particular,28
resentment,17
slighted,3
scarcity,1
sit,15
dances,10
during,27
part,60
standing,13
near,36
conversation,61
press,4
join,19
"come,5
hate,8
yourself,50
stupid,3
detest,3
unless,19
particularly,31
partner,17
insupportable,3
engaged,37
whom,84
punishment,5
fastidious,2
kingdom,4
met,39
several,23
uncommonly,9
pretty,24
girl,38
beautiful,15
creature,14
beheld,2
sitting,21
behind,14
"which,4
turning,13
round,17
moment,64
catching,1
eye,15
withdrew,5
coldly,2
tolerable,14
tempt,4
_me_,17
present,67
consequence,32
enjoy,8
smiles,10
wasting,1
advice,16
walked,44
off,62
remained,23
cordial,3
toward,4
story,9
spirit,9
playful,2
disposition,25
ridiculous,4
passed,61
pleasantly,4
family,151
seen,76
admired,12
twice,14
distinguished,6
gratified,14
quieter,1
felt,99
jane's,28
pleasure,92
mentioned,28
accomplished,12
catherine,109
without,169
partners,3
yet,71
learnt,14
care,34
spirits,39
longbourn,88
village,6
where,87
lived,14
inhabitants,3
found,66
book,18
regardless,2
deal,34
curiosity,23
event,22
raised,6
splendid,4
expectations,7
rather,55
wife's,3
stranger,12
disappointed,12
out,134
different,36
thought,112
asked,40
vexed,8
admire,18
nobody,16
seemed,65
struck,14
going,57
inquired,8
got,25
third,7
king,8
fourth,2
maria,18
fifth,1
sixth,1
_boulanger_,1
"he,26
god's,1
oh,29
sprained,1
ankle,1
excessively,11
charming,19
elegant,14
dresses,1
lace,1
hurst's,1
gown,7
interrupted,9
protested,8
finery,2
seek,8
branch,4
related,16
bitterness,5
exaggeration,1
shocking,6
rudeness,2
added,71
lose,11
suiting,1
_his_,13
fancy,19
horrid,3
worth,15
pleasing,22
conceited,6
enduring,1
fancying,4
given,55
set,31
downs,1
4,1
alone,30
former,39
cautious,4
praise,22
expressed,26
sister,180
"sensible,1
happy,83
ease,17
perfect,17
breeding,6
also,34
likewise,17
possibly,8
thereby,2
complete,8
flattered,7
asking,14
expect,35
compliment,26
"did,9
difference,10
compliments,11
_you_,24
surprise,37
natural,22
help,41
seeing,60
thanks,14
gallantry,8
leave,62
liked,27
stupider,1
"dear,5
apt,1
fault,7
anybody,23
eyes,51
human,6
hasty,5
censuring,1
anyone,24
makes,7
wonder,34
_your_,17
sense,36
honestly,4
blind,6
follies,4
affectation,3
candour,3
common,19
meets,2
everywhere,2
candid,1
ostentation,1
everybody's,2
bad,15
belongs,2
man's,5
equal,30
"certainly,7
converse,4
mistaken,21
listened,21
silence,34
convinced,40
calculated,3
please,14
observation,14
pliancy,1
judgement,11
unassailed,1
disposed,15
approve,5
fact,14
deficient,5
power,42
chose,16
educated,3
private,11
seminaries,1
pounds,24
habit,7
spending,5
associating,1
rank,12
entitled,4
meanly,3
respectable,14
circumstance,19
deeply,5
impressed,1
memories,2
brother's,13
acquired,2
trade,4
inherited,1
amount,2
nearly,7
hundred,6
purchase,6
sometimes,34
choice,15
county,6
provided,7
liberty,7
manor,2
doubtful,2
easiness,3
whether,52
spend,13
remainder,1
generation,1
anxious,26
established,7
tenant,1
means,57
unwilling,10
preside,1
table,35
home,66
suited,3
age,15
tempted,7
accidental,3
recommendation,4
look,56
hour,34
situation,38
rooms,9
satisfied,34
owner,4
took,53
steady,12
friendship,9
spite,23
opposition,3
endeared,1
openness,3
ductility,1
offer,28
greater,25
appeared,31
dissatisfied,4
strength,6
darcy's,44
regard,49
firmest,2
reliance,3
highest,9
superior,18
clever,7
same,69
haughty,3
reserved,7
bred,4
inviting,3
greatly,14
wherever,8
continually,6
offense,3
meryton,57
sufficiently,5
characteristic,2
prettier,2
kind,61
attentive,10
formality,3
stiffness,2
conceive,3
angel,3
contrary,10
collection,4
smallest,11
interest,25
received,61
smiled,18
allowed,26
sweet,7
object,48
authorized,1
commendation,8
5,1
short,43
walk,51
bennets,10
intimate,13
formerly,7
risen,1
knighthood,2
address,19
mayoralty,1
distinction,5
strongly,8
residence,4
small,23
market,2
quitting,8
both,70
removed,16
mile,6
denominated,1
period,15
lodge,8
importance,27
unshackled,1
occupy,2
solely,4
civil,18
elated,1
render,3
supercilious,1
nature,24
inoffensive,1
friendly,7
obliging,5
presentation,5
st,7
james's,6
courteous,1
valuable,9
intelligent,4
elizabeth's,38
lucases,13
absolutely,18
necessary,31
communicate,3
charlotte,68
self,24
command,7
"yes,50
suppose,48
because,58
_did_,6
seem,16
hardly,46
robinson,2
"perhaps,11
overheard,3
robinson's,1
_which_,1
prettiest,1
answering,3
question,23
'oh,1
beyond,35
doubt,37
opinions,8
point,46
'",1
"upon,7
"_my_,1
overhearings,1
purpose,18
_yours_,2
eliza,22
listening,10
_tolerable_,1
beg,17
put,31
lizzy's,2
head,32
treatment,5
misfortune,9
night,35
close,9
opening,13
lips,9
"are,7
ma'am,7
"miss,11
speaks,2
_them_,6
remarkably,10
guess,5
eat,5
somehow,2
carriage,44
hack,1
talking,39
"another,1
_him_,11
safely,3
promise,17
_never_,2
"his,7
"does,3
offend,3
excuse,15
everything,44
favour,22
express,24
_right_,1
true,22
easily,27
forgive,10
mortified,5
_mine_,4
"pride,1
observed,27
piqued,1
solidity,2
reflections,9
failing,2
prone,2
cherish,1
feeling,38
complacency,5
score,4
quality,2
real,31
imaginary,5
vanity,18
things,29
words,30
used,21
synonymously,1
vain,20
relates,3
ourselves,8
rich,12
pack,2
foxhounds,1
drink,7
bottle,2
wine,3
away,117
directly,22
boy,4
argument,5
ended,4
6,2
due,11
form,13
grew,6
goodwill,2
intolerable,3
younger,29
greatest,20
superciliousness,1
excepting,3
even,82
value,9
arising,5
probability,9
influence,14
generally,16
evident,18
whenever,22
yielding,3
begun,2
entertain,5
united,7
composure,16
uniform,1
cheerfulness,7
guard,7
suspicions,4
impertinent,6
able,54
impose,2
public,12
case,32
disadvantage,5
guarded,9
conceals,1
affection,58
opportunity,29
fixing,2
consolation,10
dark,2
gratitude,24
almost,59
attachment,27
safe,7
itself,9
_begin_,1
freely,4
slight,18
encouragement,10
nine,2
show,7
_more_,3
feels,4
undoubtedly,7
allow,31
perceive,7
simpleton,4
discover,8
"remember,2
partial,10
endeavour,20
conceal,13
sees,6
tolerably,14
hours,27
together,64
each,63
mixed,2
parties,12
conversing,3
secure,13
leisure,13
"your,21
plan,13
"where,2
adopt,3
acting,3
degree,23
reasonableness,1
dined,7
"not,12
represent,3
_dined_,1
appetite,2
remember,20
evenings,4
enabled,2
ascertain,2
vingt,1
un,1
commerce,1
leading,5
unfolded,5
"well,18
success,19
happiness,72
studying,4
twelvemonth,6
marriage,66
entirely,25
dispositions,1
similar,5
beforehand,1
advance,3
felicity,18
continue,9
grow,4
unlike,4
vexation,10
possible,56
defects,5
pass,16
laugh,16
sound,8
occupied,6
attentions,26
far,57
suspecting,2
becoming,3
scarcely,45
criticise,1
sooner,13
clear,9
feature,2
face,27
rendered,11
expression,21
discovery,7
succeeded,7
mortifying,6
detected,2
critical,1
failure,1
symmetry,1
forced,20
acknowledge,8
light,18
asserting,1
fashionable,1
caught,11
playfulness,2
perfectly,46
unaware,1
nowhere,1
attended,24
doing,26
notice,21
lucas's,5
assembled,6
"by,8
colonel,64
forster,38
satirical,1
begin,12
approaching,12
seeming,3
intention,15
defied,1
provoking,3
"with,6
energy,5
energetic,1
severe,8
turn,27
teased,2
open,17
instrument,11
follows,8
strange,10
wanting,7
play,18
sing,5
musical,1
invaluable,3
performers,1
persevering,1
"very,11
gravely,4
glancing,3
"there,18
saying,35
course,46
familiar,3
'keep,1
breath,2
cool,3
porridge',1
mine,11
swell,1
song,5
performance,6
capital,4
entreaties,4
eagerly,14
plain,11
worked,4
hard,12
accomplishments,5
impatient,8
display,4
neither,37
genius,2
taste,13
application,12
pedantic,1
injured,4
higher,4
excellence,2
reached,18
playing,6
concerto,1
scotch,2
irish,1
airs,1
request,12
officers,29
joined,28
stood,14
silent,26
indignation,8
mode,5
passing,11
exclusion,1
engrossed,5
thoughts,25
thus,27
refinements,1
polished,2
society,33
vogue,1
societies,1
savage,1
performs,1
delightfully,4
pause,18
group,2
adept,1
science,1
inconsiderable,1
"never,1
proper,20
pay,11
avoid,18
conclude,5
bowed,3
feel,38
paused,3
companion,16
instant,6
moving,5
action,2
gallant,1
desirable,11
refuse,9
taking,19
surprised,34
receive,28
instantly,31
discomposure,3
"indeed,16
entreat,6
moved,9
order,7
grave,9
propriety,8
requested,2
shake,2
attempt,21
persuasion,7
excel,2
cruel,4
deny,8
dislikes,1
oblige,6
politeness,17
smiling,10
considering,14
inducement,5
complaisance,5
archly,2
resistance,2
accosted,2
reverie,1
annoyed,1
insipidity,1
noise,3
nothingness,1
strictures,1
conjecture,7
totally,8
wrong,15
agreeably,3
meditating,3
pair,2
bestow,7
desired,6
inspiring,1
intrepidity,1
repeated,21
favourite,21
pray,20
exactly,30
lady's,8
imagination,4
rapid,3
jumps,1
matrimony,6
wishing,14
"nay,3
serious,24
pemberley,53
indifference,17
wit,6
flowed,1
7,1
unfortunately,3
entailed,6
default,1
heirs,1
male,1
relation,11
mother's,25
ample,2
supply,7
deficiency,2
attorney,3
phillips,26
clerk,1
line,8
convenient,5
distance,16
usually,8
thither,9
duty,15
aunt,78
milliner's,1
shop,6
frequent,13
vacant,5
sisters',3
offered,9
amuse,5
furnish,4
bare,1
country,41
contrived,3
learn,10
supplied,2
recent,5
militia,6
regiment,19
remain,10
winter,15
headquarters,1
visits,5
productive,1
interesting,14
officers',2
names,6
connections,18
lodgings,5
secret,6
length,32
visited,4
opened,17
store,1
unknown,8
animation,4
worthless,2
opposed,5
regimentals,3
ensign,1
effusions,2
coolly,4
"from,6
collect,2
silliest,1
suspected,9
captain,4
carter,4
astonished,14
ready,20
slightingly,1
anybody's,1
happens,4
"this,24
sentiments,10
coincided,1
differ,1
foolish,8
red,3
smart,2
nay,7
william's,6
"mamma,1
watson's,1
clarke's,1
prevented,23
replying,3
footman,1
note,8
servant,16
sparkled,2
calling,15
haste,9
aloud,11
compassionate,2
dine,16
louisa,5
danger,19
hating,1
lives,4
day's,4
tete,8
quarrel,5
receipt,2
yours,18
"caroline,2
bingley",1
"dining,1
"can,9
horseback,2
seems,22
rain,4
stay,37
scheme,17
hursts,1
horses,8
theirs,2
coach,10
spare,7
wanted,24
farm,2
oftener,3
answered,34
extort,1
acknowledgment,3
cheerful,7
prognostics,1
rained,1
uneasy,8
intermission,3
lucky,6
aware,14
contrivance,4
breakfast,26
dearest,16
unwell,2
imputed,4
getting,7
wet,2
through,42
yesterday,13
returning,12
insist,6
jones,4
alarmed,8
sore,1
throat,1
headache,2
dangerous,1
fit,4
illness,2
die,4
comfort,31
pursuit,6
under,33
orders,7
dying,3
trifling,5
colds,1
stays,1
horsewoman,1
alternative,3
resolution,19
"as,15
dirt,2
hint,12
motive,17
miles,16
activity,4
benevolence,3
impulse,3
guided,2
reason,51
exertion,9
proportion,4
required,10
accepted,16
along,9
goes,2
parted,14
repaired,3
wives,1
crossing,2
field,3
pace,1
jumping,1
stiles,1
springing,2
puddles,1
finding,13
view,17
weary,2
ankles,2
dirty,4
stockings,1
glowing,1
warmth,8
exercise,6
shown,6
parlour,11
appearance,30
created,4
weather,6
incredible,3
held,5
contempt,12
politely,3
divided,4
brilliancy,2
complexion,7
occasion's,1
justifying,1
coming,60
latter,22
inquiries,23
favourably,2
slept,1
feverish,2
withheld,4
alarm,14
inconvenience,6
expressing,8
longed,9
besides,12
expressions,12
treated,7
silently,3
solicitude,8
showed,7
apothecary,2
examined,4
patient,1
supposed,26
cold,18
advised,3
bed,5
draughts,2
readily,17
symptoms,2
increased,11
ached,1
acutely,4
quit,10
absent,4
elsewhere,5
clock,1
unwillingly,4
pressing,5
testified,2
concern,26
parting,7
convert,1
thankfully,1
consented,2
acquaint,2
clothes,13
8,1
o'clock,5
retired,3
dress,5
past,10
summoned,5
poured,1
distinguishing,2
disliked,4
restored,2
enjoyment,13
anxiety,19
intruder,1
believed,37
indolent,1
cards,7
prefer,6
dish,5
ragout,1
abusing,3
impertinence,8
style,10
walker,3
wild,11
nonsensical,3
_she_,14
scampering,1
hair,3
untidy,1
blowsy,1
petticoat,3
inches,1
mud,1
hide,2
picture,13
exact,3
lost,29
escaped,5
inclined,10
exhibition,2
whatever,31
abominable,6
sort,38
independence,6
decorum,4
shows,4
whisper,10
adventure,2
affected,19
brightened,1
speech,12
excessive,4
low,8
uncle,60
somewhere,4
cheapside,2
laughed,11
heartily,10
uncles,3
fill,1
_all_,4
jot,1
materially,5
lessen,4
assent,1
indulged,2
mirth,2
expense,6
friend's,8
vulgar,2
relations,22
renewal,7
tenderness,3
leaving,18
dining,17
coffee,7
poorly,3
late,19
sleep,4
right,39
downstairs,6
drawing,21
loo,2
invited,11
below,5
reading,14
singular,2
"despises,1
reader,3
deserve,9
censure,5
_not_,8
nursing,1
thanked,7
lying,1
fetch,3
afforded,5
larger,6
benefit,5
idle,8
fellow,8
assured,28
suit,7
work,21
generations,1
buying,1
comprehend,19
"neglect,1
add,12
beauties,4
charles,6
build,1
advise,8
model,2
finer,5
buy,4
sell,1
possibilities,1
caroline,12
imitation,1
laying,2
wholly,26
aside,4
card,9
stationed,3
observe,10
game,7
spring,5
"will,4
height,3
taller,1
pianoforte,5
exquisite,1
amazing,2
patience,9
"all,3
paint,1
tables,6
cover,1
screens,1
net,1
purses,1
spoken,16
informed,11
list,3
extent,7
"has,5
applied,12
deserves,4
otherwise,16
netting,1
purse,1
covering,2
screen,2
agreeing,3
estimation,5
boast,11
knowing,27
dozen,2
range,2
"nor,1
faithful,3
assistant,1
esteemed,7
surpass,1
thorough,3
music,12
singing,3
modern,2
languages,1
possess,5
tone,16
voice,22
deserved,7
substantial,2
improvement,9
extensive,4
longer,43
_only_,1
_any_,1
sex,7
possibility,13
capacity,1
elegance,9
describe,7
injustice,4
implied,1
protesting,4
bitter,2
complaints,4
inattention,2
forward,27
"elizabeth,2
undervaluing,1
succeeds,1
paltry,2
device,1
art,3
"undoubtedly,3
remark,3
chiefly,10
meanness,1
arts,4
condescend,1
employ,2
captivation,1
bears,2
affinity,2
cunning,1
despicable,1
worse,13
urged,6
sent,20
service,7
recommended,9
eminent,1
physicians,1
comply,3
proposal,10
decidedly,4
uncomfortable,7
miserable,6
solaced,1
wretchedness,2
duets,1
supper,11
relief,13
housekeeper,15
directions,7
9,1
chief,15
sister's,38
housemaid,2
amendment,2
desiring,2
contents,9
quickly,4
complied,3
accompanied,6
apparent,3
alarming,5
recovering,5
restoration,3
health,18
probably,23
remove,2
listen,12
daughter's,7
carried,8
advisable,6
trespass,2
"removed,1
removal,7
madam,21
civility,42
remains,5
profuse,1
acknowledgments,2
become,9
suffers,1
vast,2
exception,1
sweetest,3
prospect,14
gravel,3
hurry,11
lease,1
"whatever,3
done,92
resolve,2
yes,25
pitiful,2
follow,11
intricate,2
estimable,2
"lizzy,11
run,11
suffered,8
studier,1
amusing,4
study,7
characters,3
_most_,1
"the,15
subjects,10
move,3
confined,5
unvarying,1
alter,1
offended,9
mentioning,7
gained,11
victory,1
triumph,10
except,21
shops,1
places,5
pleasanter,2
advantages,7
"seemed,1
blushing,1
mistook,1
variety,7
meeting,22
neighbourhoods,1
enable,1
delicate,6
directed,9
expressive,2
smile,29
genteel,3
persons,9
important,10
mouths,2
mince,1
pies,1
_my_,14
differently,7
judge,12
pity,9
_very_,2
envied,2
child,13
trust,15
partiality,13
fifteen,4
gardiner's,13
wrote,21
verses,1
overcome,10
efficacy,1
poetry,2
driving,4
_food_,1
"of,7
stout,2
healthy,1
nourishes,1
strong,19
thin,5
inclination,22
sonnet,1
starve,1
ensued,2
tremble,1
lest,8
exposing,5
repeating,6
apology,7
troubling,1
unaffectedly,2
performed,6
graciousness,1
ordered,8
signal,2
whispering,3
result,5
tax,2
animal,1
uncle's,9
dinners,2
assurance,15
abruptly,2
reminded,6
adding,5
shameful,2
sudden,8
attack,4
ear,1
engagement,20
recovered,6
wait,17
shame,10
departed,2
relations',2
remarks,8
prevailed,15
witticisms,1
_fine,1
eyes_,1
10,1
invalid,1
slowly,4
mend,5
appear,30
writing,13
seated,15
watching,8
progress,5
letter,116
repeatedly,9
messages,1
piquet,1
needlework,1
amused,6
attending,9
perpetual,1
commendations,1
handwriting,1
evenness,2
unconcern,3
praises,2
formed,16
curious,5
dialogue,2
union,4
write,38
fast,8
letters,16
odious,3
lot,2
"pray,6
pen,3
pens,1
"thank,3
contrive,3
"tell,2
harp,1
infinitely,4
grantley's,1
defer,3
justice,15
january,2
determine,13
rule,2
"because,4
studies,2
syllables,1
"charles,1
writes,1
careless,2
imaginable,2
leaves,2
blots,1
flow,4
rapidly,2
convey,2
correspondents,1
humility,5
"must,1
disarm,1
reproof,4
"nothing,3
deceitful,2
"than,2
carelessness,2
indirect,2
call,28
piece,6
modesty,6
proceeding,6
rapidity,4
execution,4
prized,1
possessor,2
imperfection,1
resolved,31
panegyric,2
laudable,1
precipitance,2
undone,1
assume,3
needless,3
celerity,1
conduct,23
dependent,3
mounting,1
'bingley,1
',16
month,7
proved,17
exceedingly,25
converting,1
sweetness,5
intend,3
flat,1
denial,6
ride,3
"would,2
rashness,1
original,4
intentions,6
atoned,1
obstinacy,2
adhering,1
explain,6
allowing,8
according,8
representation,4
delay,6
offering,3
yield,4
_persuasion_,1
merit,7
conviction,16
requester,1
waiting,10
arguments,5
occurs,1
discuss,2
thereupon,2
ordinary,3
change,24
complying,3
argued,1
proceed,5
arrange,1
precision,1
appertain,1
intimacy,10
subsisting,2
particulars,20
forgetting,2
comparative,3
size,4
weight,6
comparison,13
deference,6
awful,2
occasions,8
especially,22
sunday,9
checked,5
warmly,8
resented,3
indignity,2
expostulation,1
disputes,1
thankful,8
sacrifice,8
side,54
finish,4
indulgence,6
alacrity,5
polite,5
lead,6
earnestly,11
negatived,1
sang,1
lay,6
frequently,23
reprehensible,3
supposition,4
pain,28
approbation,7
italian,1
songs,1
varied,3
charm,6
seize,1
reel,2
'yes,1
despising,2
overthrowing,1
schemes,7
cheating,1
premeditated,1
despise,3
affront,4
amazed,5
archness,1
bewitched,1
inferiority,3
jealous,3
recovery,3
rid,5
tried,16
provoke,5
disliking,1
guest,5
planning,2
alliance,3
shrubbery,4
hints,4
takes,6
holding,2
tongue,3
compass,1
cure,1
running,9
check,4
bordering,3
conceit,5
possesses,1
propose,3
domestic,7
portraits,2
placed,9
gallery,5
profession,7
painter,1
catch,4
colour,12
shape,2
eyelashes,1
copied,1
confusion,11
abominably,4
"running,1
telling,7
disengaged,2
arm,4
path,4
wide,3
avenue,1
laughingly,2
charmingly,2
grouped,1
uncommon,5
picturesque,1
spoilt,2
admitting,1
bye,5
ran,13
gaily,2
rejoicing,4
rambled,1
couple,8
11,1
welcomed,7
professions,6
powers,6
considerable,9
entertainment,6
accuracy,1
relate,11
anecdote,2
advanced,5
steps,5
congratulation,1
bow,11
diffuseness,1
salutation,4
full,19
piling,1
fire,6
fireplace,1
further,21
opposite,11
corner,1
tea,13
obtained,4
petition,1
rejected,4
justify,6
stretch,2
sofas,1
principally,5
bracelets,1
rings,1
perpetually,3
inquiry,10
page,2
win,1
exhausted,1
chosen,8
volume,2
yawn,2
tires,1
yawned,1
threw,9
cast,2
quest,7
consult,3
wishes,34
begins,4
nicholls,2
white,3
soup,2
balls,8
insufferably,1
tedious,1
usual,34
process,1
rational,10
"much,1
aimed,1
inflexibly,1
studious,1
desperation,1
effort,5
example,5
refreshing,2
attitude,1
awake,2
novelty,5
quarter,9
unconsciously,3
motives,7
choosing,1
joining,5
interfere,1
surest,1
disappointing,3
incapable,8
persevered,1
requiring,5
explanation,8
explaining,3
method,5
other's,1
confidence,11
affairs,7
conscious,3
figures,1
completely,7
punish,3
plague,3
tease,2
taught,8
calmness,4
presence,6
defy,4
laughter,2
expose,7
attempting,4
hug,1
loss,17
dearly,3
wisest,6
actions,6
ridicule,5
wise,5
whims,2
inconsistencies,2
_do_,6
divert,1
precisely,1
weaknesses,1
"such,1
weakness,5
superiority,1
regulation,1
examination,3
presume,2
defect,4
owns,1
disguise,4
pretension,1
faults,4
vouch,3
convenience,3
vices,1
offenses,3
puffed,1
resentful,2
forever,3
"_that_,4
"implacable,1
_is_,3
shade,2
_laugh_,1
tendency,3
evil,14
education,11
willfully,1
misunderstand,3
tired,4
"louisa,1
waking,1
moments',1
recollection,12
paying,4
12,1
agreement,3
remaining,8
tuesday,12
propitious,1
postscript,3
pressed,3
staying,10
positively,2
fearful,5
intruding,2
needlessly,1
borrow,2
communication,11
excited,10
proposed,5
jealousy,4
exceeded,2
master,25
sorrow,4
firm,3
welcome,12
attracted,3
uncivil,5
wisely,4
careful,4
sign,2
_now_,5
elevate,1
influencing,1
suggested,5
material,9
confirming,2
crushing,1
saturday,17
adhered,1
conscientiously,1
separation,8
embracing,2
tenderly,2
shook,11
hands,7
liveliest,3
cordially,3
wondered,8
trouble,21
laconic,1
circle,7
absence,27
bass,1
observations,3
threadbare,2
morality,1
preceding,4
wednesday,9
lately,11
flogged,1
hinted,1
13,1
addition,8
"who,4
happen,12
"a,13
lord,11
fish,5
ring,5
bell,6
hill,10
roused,6
questioned,3
explained,9
"about,2
ago,26
delicacy,11
collins,155
dead,5
pleases,2
bear,25
hardest,1
entail,8
attempted,4
reach,8
rail,1
bitterly,2
cruelty,4
cared,7
iniquitous,1
affair,18
guilt,3
inheriting,2
softened,6
false,12
quarreling,2
filial,1
scruples,4
"hunsford,2
westerham,1
kent,14
15th,1
october,1
disagreement,1
honoured,9
uneasiness,7
heal,1
breach,3
kept,17
doubts,2
fearing,3
disrespectful,1
memory,8
terms,22
variance,1
'there,1
ordination,1
easter,3
patronage,4
honourable,6
de,39
bourgh,35
widow,3
lewis,3
bounty,1
beneficence,1
preferred,3
rectory,1
parish,9
earnest,15
demean,1
grateful,13
ladyship,30
perform,4
rites,1
ceremonies,1
instituted,1
church,11
clergyman,8
moreover,11
promote,4
establish,2
blessing,4
peace,7
grounds,6
overtures,1
commendable,1
kindly,7
overlooked,3
reject,4
olive,3
concerned,18
injuring,1
apologise,5
readiness,4
hereafter,3
satisfaction,27
november,5
18th,1
hospitality,3
se'ennight,1
objecting,3
occasional,6
respectful,1
wisher,1
"william,1
collins",1
"at,3
folded,1
conscientious,1
prove,8
indulgent,1
discourage,2
"though,4
atonement,2
thinks,4
christening,1
burying,1
parishioners,1
oddity,1
pompous,3
apologising,4
reverse,1
servility,1
promises,3
composition,1
defective,1
writer,3
scarlet,2
weeks,18
collins's,24
preparing,6
punctual,3
need,19
heavy,4
stately,3
formal,8
complimented,3
instance,7
fame,1
fallen,3
hearers,1
quarreled,1
destitute,1
oddly,1
allude,1
grievous,3
confess,16
estates,4
hardship,1
fair,22
cousins,11
appearing,6
precipitate,2
prepared,10
summons,3
objects,7
hall,13
furniture,10
praised,2
touched,4
viewing,3
future,15
begged,8
excellency,1
cooking,1
owing,4
asperity,1
cook,1
kitchen,1
pardon,15
displeased,4
14,1
withdrawn,3
started,4
shine,1
patroness,7
bourgh's,4
remarkable,7
eloquent,2
elevated,2
solemnity,5
aspect,6
witnessed,4
affability,4
condescension,7
experienced,4
graciously,1
discourses,1
preaching,3
rosings,49
pool,1
quadrille,4
reckoned,1
_he_,12
condescended,5
marry,42
humble,9
parsonage,18
approved,3
alterations,1
vouchsafed,1
suggest,2
shelves,1
closet,1
stairs,18
garden,12
stands,2
abode,8
separated,3
lane,10
ladyship's,12
heiress,1
shaking,2
handsomest,4
marks,2
birth,5
sickly,4
constitution,1
failed,3
superintended,1
resides,1
condescends,1
drive,4
phaeton,4
ponies,3
presented,2
court,4
"her,2
indifferent,16
state,19
unhappily,3
prevents,1
deprived,3
british,1
brightest,2
ornament,1
acceptable,6
born,4
duchess,1
adorned,3
peculiarly,3
bound,1
properly,8
talent,2
flattering,4
previous,3
arise,7
suggesting,1
arranging,2
adapted,3
unstudied,1
fully,5
absurd,5
keenest,3
maintaining,1
resolute,1
glance,7
dose,1
invite,6
assented,2
produced,11
beholding,3
(for,4
announced,3
circulating,1
library),1
begging,2
novels,1
exclaimed,8
deliberation,4
fordyce's,1
sermons,3
gaped,1
monotonous,1
pages,1
talks,1
richard,1
hire,1
denny,12
bid,1
hold,7
interested,8
stamp,1
written,19
amazes,1
advantageous,2
instruction,2
importune,1
antagonist,1
backgammon,2
challenge,1
acted,6
amusements,3
apologised,2
civilly,3
lydia's,38
interruption,10
occur,4
resume,1
bore,9
resent,4
15,1
assisted,4
guidance,2
illiterate,1
miserly,1
belonged,3
universities,1
forming,4
useful,6
subjection,1
originally,2
counteracted,2
weak,7
living,24
retirement,2
consequential,1
unexpected,8
prosperity,3
hunsford,23
veneration,1
mingling,1
authority,9
rector,3
obsequiousness,1
income,11
seeking,7
reconciliation,2
represented,7
father's,19
eligibility,1
suitableness,3
generous,12
disinterested,3
vary,3
lovely,3
confirmed,3
strictest,1
notions,3
seniority,1
alteration,7
hour's,4
beginning,12
naturally,12
avowal,3
mistress,9
amid,1
complaisant,1
caution,3
_younger_,1
_know_,2
prepossession,2
_eldest_,1
incumbent,4
stirring,1
treasured,1
trusted,7
graces,1
forgotten,12
attend,5
nominally,1
largest,1
folios,1
cessation,1
doings,2
discomposed,2
tranquillity,5
folly,11
free,7
prompt,1
fitted,6
nothings,1
assents,1
ones,6
wandering,3
street,19
bonnet,3
muslin,3
recall,2
officer,8
concerning,5
inquire,10
stranger's,1
led,18
across,5
pretense,1
fortunately,2
pavement,1
spot,7
entreated,2
permission,6
wickham,158
commission,7
corps,6
correct,2
unassuming,3
riding,1
civilities,7
spokesman,1
corroborated,1
fix,3
arrested,2
happening,2
effect,18
changed,8
moments,10
minute,9
noticed,8
phillip's,1
bows,2
phillips's,5
throwing,2
loudly,2
seconding,1
fetched,1
happened,24
jones's,1
claimed,3
intrusion,3
justified,5
relationship,12
awed,2
excess,2
contemplation,4
exclamations,3
lieutenant's,1
shire,12
occupation,1
unluckily,3
windows,6
"stupid,1
fellows,2
phillipses,2
nice,5
comfortable,12
noisy,3
lottery,3
tickets,3
hot,3
delights,2
cheering,2
mutual,5
apologies,2
unwearying,1
defended,1
admiring,2
utmost,10
pointedly,1
included,2
although,1
utterly,1
attributed,5
connection,20
16,1
people's,4
steadily,3
resisted,1
conveyed,2
suitable,3
seats,2
around,2
apartment,4
summer,19
gratification,1
understood,13
proprietor,3
catherine's,16
chimney,1
cost,4
eight,9
force,8
housekeeper's,1
describing,2
grandeur,4
mansion,2
digressions,1
improvements,1
receiving,20
until,3
listener,3
resolving,7
retail,1
neighbours,10
examine,2
imitations,1
china,1
mantelpiece,3
interval,4
approach,7
unreasonable,7
creditable,2
_they_,4
broad,1
faced,1
stuffy,1
breathing,1
port,1
female,8
finally,7
fell,2
commonest,1
dullest,1
topic,1
speaker,1
rivals,1
sink,3
insignificance,3
intervals,3
watchfulness,2
abundantly,3
muffin,1
whist,5
improve,3
compliance,1
engrossing,1
talker,1
eager,13
bets,1
exclaiming,4
prizes,1
demands,1
willing,6
history,4
dared,13
unexpectedly,3
relieved,8
hesitating,1
drop,3
per,3
annum,2
capable,18
connected,14
infancy,2
assertion,3
qualified,4
impartial,3
astonish,2
anywhere,1
_here_,2
disgusted,3
estimated,1
deserts,2
blinded,2
frightened,7
imposing,1
tempered,5
"whether,2
_heard_,2
plans,3
driven,5
gives,9
avoiding,2
proclaim,1
usage,2
painful,14
regrets,3
breathed,1
truest,1
soul,2
tender,4
recollections,8
scandalous,3
verily,1
disgracing,2
increase,6
topics,1
gentle,5
intelligible,4
constant,12
enter,12
quarters,2
procured,4
solitude,3
_must_,3
employment,6
military,1
circumstances,28
eligible,7
_ought_,1
bequeathed,1
gift,1
godfather,1
attached,11
provide,4
amply,2
"good,9
heavens,1
disregarded,1
legal,1
redress,1
informality,1
bequest,1
doubted,8
treat,5
conditional,1
assert,5
forfeited,1
claim,5
extravagance,4
imprudence,9
became,16
accuse,4
warm,6
unguarded,4
_of_,1
_to_,1
hates,2
publicly,3
disgraced,1
"some,2
_will_,7
induced,2
behave,2
cruelly,3
attribute,4
measure,5
son,22
borne,5
irritated,1
competition,3
creatures,3
suspect,4
descending,2
malicious,2
revenge,2
inhumanity,1
minutes',5
boasting,1
implacability,1
resentments,1
unforgiving,2
dreadful,11
godson,2
amiable",1
contented,4
childhood,1
closest,2
youth,9
inmates,1
sharing,2
parental,1
appears,3
devoted,3
confidential,1
obligations,3
active,4
superintendence,1
death,8
voluntary,3
providing,1
debt,4
dishonest,1
dishonesty,1
wonderful,3
traced,2
nearer,5
virtue,10
consistent,3
stronger,6
impulses,1
liberal,5
money,26
assist,7
tenants,2
relieve,2
_filial_,1
disgrace,11
degenerate,1
popular,1
powerful,3
_brotherly_,1
_some_,4
brotherly,1
guardian,1
brothers,2
affectionate,17
sixteen,7
superintends,1
pauses,2
trials,1
reverting,1
truly,7
"probably,1
abilities,6
conversible,1
equals,1
prosperous,2
minded,2
sincere,10
breaking,2
players,2
gathered,2
station,2
gravity,4
mere,5
trifle,5
chances,1
shillings,1
necessity,11
regarding,1
matters,8
wickham's,31
intimately,2
"lady,5
anne,4
existence,3
unite,2
useless,6
destined,4
"speaks,1
misleads,1
arrogant,1
dictatorial,1
insolent,4
reputation,3
derives,1
authoritative,2
nephew,19
everyone,5
class,2
gracefully,1
went,67
incessantly,2
won,4
losses,1
enumerating,5
dishes,1
crowded,3
manage,3
stopped,6
17,1
veracity,2
endured,4
unkindness,1
defend,3
accident,5
"been,1
deceived,13
misrepresented,2
causes,5
alienated,1
actual,5
blame,15
behalf,4
"laugh,1
disgraceful,5
treating,1
humanity,2
imposed,4
invent,1
facts,1
ceremony,5
contradict,2
looks,12
distressing,6
knows,9
certainty,8
_had_,3
personal,2
rising,7
hurrying,3
ceremonious,3
pictured,1
confirmation,4
anticipated,4
depended,4
satisfy,11
rate,5
disinclination,2
mornings,2
engagements,12
claims,6
profess,1
recreation,1
unnecessarily,1
evening's,2
scruple,4
dreading,1
rebuke,1
archbishop,1
venturing,1
soliciting,2
cause,19
disrespect,2
liveliness,4
timed,1
perforce,1
delayed,6
grace,1
selected,3
worthy,3
assisting,2
visitors,14
increasing,10
vivacity,2
charms,4
dispute,2
prepare,6
pitiable,3
succession,1
sought,5
shoe,1
roses,1
proxy,1
trial,2
suspended,2
friday,1
endurable,1
18,1
cluster,1
coats,1
occurred,14
unreasonably,1
dressed,6
conquest,3
unsubdued,1
trusting,2
arose,5
suspicion,9
purposely,6
omitted,1
bingleys',1
absolute,4
significant,3
unheard,1
answerable,2
surmise,2
displeasure,6
immediate,12
disappointment,17
approached,6
attendance,5
forbearance,6
injury,1
surmount,1
provoked,3
destroyed,2
dwell,2
griefs,1
transition,1
oddities,1
distress,16
mortification,6
awkward,10
solemn,5
misery,14
release,1
ecstasy,2
refreshment,5
fret,3
console,9
"heaven,1
forbid,4
recommenced,1
cautioning,2
unpleasant,8
dignity,5
neighbours',1
amazement,10
break,2
couples,1
"sometimes,1
arranged,2
consulting,2
gratifying,6
"both,1
similarity,2
unsocial,1
taciturn,1
amaze,1
handed,3
posterity,1
eclat,1
proverb,1
striking,3
resemblance,7
portrait,1
decide,4
affirmative,2
resist,4
temptation,7
deeper,3
_hauteur_,2
overspread,3
blaming,3
constrained,1
blessed,4
ensure,2
_making_,1
_retaining_,1
emphasis,1
desirous,7
changing,3
perceiving,4
courtesy,2
belong,3
circles,1
(glancing,1
bingley),1
congratulations,12
appeal,2
interrupt,5
thank,16
detaining,2
bewitching,1
bright,1
upbraiding,1
allusion,4
strike,5
forcibly,4
shortly,12
"sir,2
"books,1
compare,1
_present_,1
occupies,1
scenes,3
wandered,2
forgave,1
unappeasable,1
_being,1
created_,1
judging,3
"may,4
tend,1
"merely,1
illustration,1
endeavouring,5
trying,6
accounts,3
puzzle,2
reports,1
sketch,2
reflect,5
likeness,3
suspend,1
breast,2
anger,13
disdain,6
"so,4
george,8
forgot,5
steward,5
implicit,1
assertions,3
using,1
infamous,4
including,2
favourite's,1
descent,3
angrily,1
sneer,1
"excuse,1
interference,13
"insolent,1
wilful,3
ignorance,7
malice,2
undertaken,1
glow,3
marked,14
occurrences,4
enemies,1
fairest,1
probity,1
imprudent,11
recollect,6
believes,1
_conditionally_,1
sincerity,4
assurances,8
defense,1
unacquainted,1
discourse,7
sentiment,7
modest,2
heighten,1
pleasantness,3
exultation,1
overhear,1
honours,2
respects,6
total,3
plead,2
earlier,3
_nephew_,1
se'nnight,1
dissuade,1
addressing,3
freedom,4
ceased,6
scope,1
permit,1
laity,1
regulate,1
clergy,1
clerical,1
maintained,2
dictates,1
conscience,5
leads,3
neglecting,2
profit,1
guide,2
habitual,1
reception,9
advances,1
watched,7
prefaced,1
motion,1
"apology,1
eyeing,1
unrestrained,1
discouraged,2
discernment,2
unworthily,1
pursue,6
train,1
plainly,6
bent,3
perverseness,6
(lady,1
lucas),1
openly,8
expectation,19
animating,1
fatigue,4
match,24
points,4
gratulation,2
promising,4
lastly,1
consign,1
etiquette,2
concluded,10
evidently,5
triumphantly,2
believing,12
audible,1
inexpressible,1
scolded,1
owe,5
lower,4
blushed,7
dreaded,7
invariably,2
gradually,6
indignant,2
composed,3
yawning,1
repetition,3
likelihood,5
comforts,4
ham,1
chicken,1
revive,1
entreaty,7
prevent,16
proof,7
exhibiting,1
sensations,3
stanzas,1
impatience,10
rewarded,3
mary's,1
agonies,1
composedly,3
signs,1
derision,2
imperturbably,1
finished,11
exhibit,1
pretending,3
"were,2
innocent,2
diversion,3
compatible,2
devoting,1
tithes,1
beneficial,1
offensive,2
patron,3
duties,2
dwelling,7
excused,2
conciliatory,1
owes,2
preferment,3
acquit,2
omit,1
testifying,1
loud,2
seriously,13
commended,2
sensibly,2
distressed,13
ridiculing,1
perseveringly,1
prevail,2
arguing,1
owed,6
naturedly,1
probable,12
allusions,2
rejoiced,9
depart,4
manoeuvre,1
complain,4
repulsed,1
languor,1
speeches,3
complimenting,1
guests,1
enjoying,4
scene,16
detached,3
preserved,4
utter,6
"lord,1
pressingly,1
eating,2
whither,2
quitted,9
preparations,2
settlements,1
carriages,6
wedding,14
months,19
eclipsed,1
19,1
declaration,5
extended,3
diffidence,5
orderly,1
observances,1
regular,3
solicit,1
audience,2
blush,4
gathering,1
hastening,2
embarrassed,7
_insist_,2
oppose,3
injunction,1
moment's,6
quietly,8
incessant,1
"believe,2
disservice,1
adds,3
perfections,2
unwillingness,3
respected,3
purport,2
dissemble,1
singled,2
reasons,5
selecting,1
laughing,11
stop,4
(like,1
myself),1
secondly,3
thirdly,2
(unasked,1
),3
pools,1
jenkinson,8
footstool,1
'mr,1
gentlewoman,1
_own_,1
reckon,1
inevitably,1
excite,3
inherit,1
(who,1
longer),1
melancholy,5
esteem,11
animated,2
language,5
violence,3
demand,3
cents,1
decease,3
uniformly,3
ungenerous,3
reproach,8
proposals,9
wave,1
addresses,6
secretly,3
applies,1
refusal,7
altar,1
ere,2
(if,1
are),1
daring,2
risk,5
persuaded,25
disapprove,1
economy,5
qualification,1
unnecessary,4
refusing,7
falls,2
accusing,1
custom,2
encourage,6
"really,1
hitherto,2
convince,4
briefly,4
acceptance,4
manifold,1
attractions,4
portion,3
undo,2
effects,3
loveliness,2
qualifications,1
rejection,2
suspense,6
practice,5
females,2
pretensions,5
consists,1
tormenting,1
plainer,1
intending,7
sanctioned,2
parents,7
fail,6
perseverance,3
deception,2
persisted,2
refusals,1
apply,3
negative,3
uttered,5
decisive,2
coquetry,1
20,1
successful,3
dawdled,1
vestibule,5
watch,2
conference,4
staircase,2
congratulated,2
felicitations,1
proceeded,10
interview,3
steadfastly,3
bashful,1
genuine,2
startled,2
headstrong,4
_make_,2
"pardon,1
interrupting,2
persists,1
rejecting,2
accepting,4
liable,2
contribute,2
natured,11
settle,7
uproar,1
vows,1
calm,5
altered,7
declares,1
hopeless,7
"speak,1
rang,1
refused,6
insists,1
"an,3
unhappy,12
conclusion,8
regarded,3
favours,2
coaxed,1
threatened,1
turns,2
endeavoured,10
mildness,2
interfering,1
earnestness,2
gaiety,2
attacks,3
determination,3
meanwhile,5
hurt,6
deserving,2
regret,19
fun,8
entreating,1
charlotte's,17
spared,8
"looking,1
unconcerned,2
caring,2
york,1
maintain,1
warn,4
undutiful,1
pitied,3
effusion,2
soothe,1
irritation,3
tongues,1
ground,11
detained,3
doleful,1
projected,1
presently,2
resignation,2
inevitable,3
evils,8
peculiar,5
resigned,6
positive,3
denied,3
showing,4
withdrawing,1
requesting,2
interpose,1
objectionable,3
dismission,1
error,6
_manner_,1
21,1
discussion,5
necessarily,3
peevish,2
embarrassment,10
dejection,3
assiduous,1
transferred,1
seasonable,1
abatement,1
shorten,1
lament,3
aunt's,6
voluntarily,6
bestowed,8
accompanying,2
double,2
introducing,4
delivered,4
envelope,3
contained,7
sheet,3
paper,6
covered,2
flowing,1
intently,2
passages,2
recollected,13
putting,5
contains,1
sentence,12
comprised,2
grosvenor,2
returns,2
intercourse,6
correspondence,5
highflown,1
insensibility,5
distrust,2
suddenness,1
cease,2
arrive,2
renewed,6
imagined,5
gets,1
comfortless,1
hotel,1
crowd,1
despair,1
sincerely,9
christmas,6
abound,1
gaieties,2
season,3
brings,1
beaux,1
numerous,2
deprive,1
_should_,3
passage,2
hurts,1
reserves,3
georgiana,12
inspires,1
heightened,8
confiding,2
admires,2
footing,2
misleading,1
engaging,6
woman's,4
indulging,1
_this_,6
expressly,1
expects,1
suspects,1
(most,1
"most,1
willingly,3
wants,11
keeping,4
tries,1
grand,2
notion,7
_one_,5
intermarriage,1
achieving,1
ingenuity,2
succeed,3
tells,1
alike,2
foundation,4
unjust,4
wilfully,3
deceiving,2
supposing,15
mature,1
disobliging,1
equivalent,1
faintly,1
disapprobation,7
hesitate,3
suggestion,1
caroline's,3
artfully,1
independent,2
desponding,1
overcame,3
departure,6
gentleman's,8
bewailed,1
lamenting,1
22,1
thanking,4
keeps,3
repaid,2
farther,15
conception,1
appearances,1
admirable,3
slyness,2
hasten,1
feet,1
encouraging,4
comparatively,2
diffident,1
perceived,12
accidentally,3
eloquence,1
awaited,1
happiest,10
solicitation,1
waived,1
stupidity,4
favoured,1
courtship,2
continuance,3
pure,2
speedily,6
joyful,2
prospects,4
wealth,3
calculate,1
expedient,2
overjoyed,1
_coming,1
out_,1
boys,3
apprehension,12
maid,3
irksome,2
provision,2
pleasantest,1
preservative,2
luck,4
valued,5
shaken,3
charged,1
secrecy,10
dutifully,2
difficulty,8
burst,3
forth,4
direct,7
evade,1
exercising,2
longing,2
publish,1
journey,21
cordiality,4
hoping,4
avail,1
speedy,2
offending,3
concurrence,2
offence,2
mark,4
meditated,2
rated,2
encouraged,8
hers,7
bounds,1
crying,2
"engaged,1
commanded,2
momentary,3
regained,1
calmly,1
procure,1
firmness,1
romantic,1
reconciled,2
unsuitable,2
strangeness,1
offers,5
sacrificed,1
worldly,2
humiliating,2
pang,1
sunk,4
23,1
reflecting,1
doubting,2
authorised,2
announce,4
houses,4
wondering,2
incredulous,3
boisterously,1
courtier,1
forbearing,1
confirm,1
prior,2
overpowered,3
vent,2
disbelieving,1
fourthly,1
broken,7
inferences,1
deduced,1
mischief,3
barbarously,1
misused,1
dwelt,5
appease,1
wear,1
elapsed,2
rude,3
emotions,1
tranquil,2
confessed,4
improbable,7
envying,1
spread,3
insensible,4
retort,1
sour,1
restraint,5
mutually,1
subsist,1
fonder,2
rectitude,1
daily,3
counting,1
reasonably,4
twelvemonth's,1
prompted,1
discharging,2
inform,7
rapturous,2
unanswerable,1
inconvenient,4
troublesome,1
hated,4
lovers,4
murmurs,1
bringing,12
tidings,3
incensed,2
falsehood,7
admit,6
destructive,1
dishonorable,1
stability,1
lover,5
occurring,2
efforts,2
unfeeling,3
overpowering,1
feared,11
concealing,1
alluded,6
restrained,1
seldom,9
require,3
needed,3
punctually,3
gracious,8
luckily,4
agony,1
successor,1
abhorrence,6
anticipating,2
complained,1
gloomy,2
survivor,1
consoling,3
one's,5
24,1
professed,4
boasted,2
joyfully,1
ventured,7
predict,1
accomplishment,3
inmate,1
communicated,3
slave,2
designing,1
sport,4
involved,3
unavailing,2
died,3
suppressed,2
friends',1
wounded,3
courage,12
continual,3
repine,4
slightly,4
colouring,3
god,3
try,12
harm,4
disinterestedness,1
angelic,1
disclaimed,1
encroaching,1
privilege,3
universal,3
fewer,1
confirms,1
belief,15
inconsistency,2
dependence,7
instances,4
unaccountable,2
ruin,5
allowance,2
respectability,5
prudent,4
benefited,4
narrow,2
individual,2
principle,5
integrity,3
selfishness,1
prudence,4
security,3
_two_,3
_that,1
person_,1
intentionally,2
circumspect,1
deceives,1
designedly,1
attributing,1
scheming,1
thoughtlessness,3
impute,1
displease,1
whilst,4
persist,2
conjunction,1
position,1
"beyond,1
unlikely,4
unnaturally,1
ashamed,16
clearly,3
perplexity,2
transient,1
liking,2
statement,2
repeat,5
crossed,5
congratulate,7
companions,7
outdone,1
disappoint,2
jilt,1
creditably,1
"true,4
befall,2
dispelling,1
gloom,3
perverse,1
thrown,8
recommendations,1
unreserve,1
canvassed,2
extenuating,1
mild,1
pleaded,1
allowances,1
mistakes,2
condemned,2
worst,7
25,1
alleviated,1
bride,3
gardiner,84
warehouses,2
subsisted,2
distribute,1
presents,3
newest,1
fashions,2
grievances,2
artful,1
thwarted,1
sleeves,1
separates,1
forgets,1
_accident_,1
violently,5
'violently,1
love',1
hackneyed,1
indefinite,1
_violent,1
was_,1
growing,3
inattentive,2
incivility,3
essence,1
acquiescence,2
custody,1
gracechurch,7
month's,1
ablution,1
cleanse,1
impurities,1
stirs,1
correspond,1
reanimated,1
successfully,1
combated,1
bingleys,4
gardiners,6
stayed,7
carefully,3
suspicious,1
narrowly,2
affording,2
unconnected,4
fresher,1
procuring,3
inexhaustible,1
comparing,2
bestowing,1
tribute,1
delighting,1
reputed,2
lad,1
confident,3
fitzwilliam,31
26,1
warned,1
involve,2
becomes,4
forfeit,1
wiser,1
wisdom,1
_remind_,1
refrain,3
"_wished_,1
thursday,4
farewell,3
rose,7
ungracious,3
reluctant,2
foresaw,1
march,2
bridegroom,1
slacken,1
correspondent,2
eagerness,8
pronounce,3
foreseen,2
cheerfully,2
surrounded,1
roads,1
rationally,3
accounted,2
reproached,2
inventing,1
fresh,9
visitor,11
shortness,1
deceive,4
triumphing,1
obstinate,3
meantime,1
singling,1
deservedly,1
harshly,1
duplicity,2
banish,3
invariable,1
duped,1
review,3
contentment,3
subsided,1
admirer,3
watchful,1
permitted,1
acquisition,1
rendering,1
sighted,1
struggles,3
relinquish,1
relating,5
elevating,1
passion,2
effectual,1
distractedly,1
purchased,3
defection,1
27,1
events,5
diversified,1
walks,3
february,1
depending,2
learned,3
weakened,1
uncompanionable,1
faultless,1
unwelcome,4
peep,1
smoothly,1
accompany,3
bidding,3
adieu,5
reminding,1
coincide,1
attach,3
travellers,4
empty,1
headed,1
rattle,2
absurdities,2
wonders,3
worn,2
noon,2
drove,11
healthful,1
troop,1
cousin's,8
shyness,2
bustle,1
shopping,1
theatres,1
struggled,2
support,7
periods,1
reasonable,14
conversations,1
rallied,2
niece,20
desertion,1
bearing,2
mercenary,5
matrimonial,1
avarice,1
grandfather's,1
allowable,1
gain,2
affections,4
indelicacy,2
directing,2
decorums,1
"_her_,1
heaven,9
"take,2
savours,1
tour,6
carry,5
lakes,6
rapturously,1
vigour,1
spleen,1
rocks,1
mountains,2
transport,1
accurate,1
rivers,1
jumbled,1
imaginations,1
relative,3
_our_,1
generality,2
28,1
northern,3
source,6
road,14
search,2
palings,1
boundary,2
discernible,1
sloping,1
green,3
pales,2
laurel,1
hedge,1
arriving,1
gate,6
amidst,4
nods,1
affectionately,4
pointing,5
neatness,2
ostentatious,1
glory,1
displaying,2
neat,1
gratify,2
sigh,2
repentance,1
unseldom,1
involuntarily,2
discern,2
faint,1
article,3
sideboard,1
fender,1
stroll,1
cultivation,1
pleasures,7
healthfulness,1
owned,3
cross,4
pointed,5
minuteness,1
fields,1
direction,10
trees,5
clump,1
bordered,2
front,5
building,3
situated,4
meadows,1
shoes,1
encounter,3
frost,1
husband's,8
built,3
consistency,1
throughout,3
ensuing,1
hesitation,3
include,1
regularly,1
chamber,2
meditate,2
guiding,1
anticipate,1
quiet,8
tenor,1
employments,4
vexatious,2
interruptions,1
middle,3
landing,1
breathless,2
agitation,6
fronted,2
stopping,3
pigs,1
"la,3
shocked,8
doors,8
wind,1
doorway,1
greatness,2
constantly,3
bowing,1
letting,5
29,1
(an,1
party),1
acquire,1
instructing,1
overpower,1
separating,1
toilette,2
apparel,1
simply,1
dressing,9
objected,1
formidable,4
inspire,1
enumeration,1
glazing,1
ascended,3
maria's,2
talents,5
miraculous,2
stateliness,1
witness,3
trepidation,1
ornaments,2
ante,1
seat,6
senses,4
edge,2
chair,6
conciliating,1
inferior,5
examining,4
deportment,1
pale,4
insignificant,1
placing,3
informing,2
articles,2
plate,1
foretold,1
bottom,1
carved,1
ate,3
echo,1
indisposed,2
delivering,1
controverted,1
concerns,8
familiarly,2
minutely,3
management,4
regulated,1
instructed,1
cows,1
poultry,3
beneath,5
dictating,1
older,2
maiden,1
entailing,1
"one,1
webbs,1
masters,2
governess,8
neglected,2
"compared,1
strenuously,2
supplying,1
metcalf's,1
finds,1
pope,1
treasure,2
'lady,1
'you,1
elder,12
_such_,3
sisterly,3
dignified,3
cassino,1
superlatively,1
syllable,5
stating,3
storing,1
anecdotes,1
played,1
gratefully,3
instructions,3
thankfulness,1
costing,1
30,1
comfortably,2
possessing,1
gig,1
backwards,1
sized,1
arrangement,8
distinguish,2
indebted,8
unfrequently,1
livings,1
negligence,1
joints,1
meat,4
magistrate,1
minutest,1
cottagers,1
quarrelsome,1
sallied,1
differences,1
scold,1
harmony,1
plenty,1
counterpart,1
grove,3
edged,2
sheltered,2
designs,4
lodges,2
hurried,10
hastened,4
nephews,2
disclaim,1
thirty,3
curtseyed,1
awakened,4
betray,3
consciousness,2
confused,4
pursued,2
31,1
fitzwilliam's,5
considerably,3
gentlemen's,3
travelling,6
conversed,1
shared,4
proficient,1
proficiency,1
practises,2
charge,8
jenkinson's,1
nobody's,1
performer's,1
arch,1
frighten,1
_does_,2
stubbornness,1
rises,1
intimidate,1
professing,1
teach,5
impolitic,1
retaliate,1
shock,2
smilingly,2
behaves,2
strangers,4
scarce,1
fingers,3
judged,7
"shall,3
"without,1
applying,3
masterly,1
women's,1
produce,5
practising,1
amiss,1
practised,1
fingering,1
anne's,1
performer,1
symptom,4
derived,1
mixing,1
32,1
sinking,3
emergence,1
recollecting,5
_when_,1
"perfectly,1
rejoice,7
prudential,1
fifty,6
_advantages_,1
_near_,2
varying,2
expenses,3
unimportant,1
journeys,1
_half_,1
local,1
newspaper,1
colder,1
concise,1
occasioned,4
conjectures,4
sports,1
billiard,1
nearness,1
separately,1
captivating,2
softness,1
disputable,1
steadfast,1
gaze,1
raising,3
vanish,1
counterbalance,1
33,1
ramble,2
mischance,1
haunt,1
penance,1
rencontre,1
solitary,4
imply,1
perusing,1
forcing,1
accordingly,6
disposal,2
arranges,1
feelingly,1
inured,1
earl,1
"these,3
hardships,1
sons,2
"unless,1
"our,1
habits,3
afford,7
"meant,1
coloured,6
price,2
earl's,1
dropped,3
someone,1
lasting,2
sole,4
divide,3
guardianship,3
guardians,1
tractable,1
drily,2
prodigious,1
"care,1
hither,3
saved,3
inconveniences,2
scrape,1
objections,11
separate,6
swelling,1
thoughtful,1
officious,3
condemn,3
unnatural,2
lessening,1
sadly,2
jestingly,1
exist,1
boundless,1
measures,3
mislead,1
ruined,2
inflicted,1
goodness,10
improved,6
peculiarities,1
wound,2
partly,2
governed,2
retaining,1
tears,10
34,1
exasperate,2
complaint,1
revival,1
suffering,2
characterise,1
serenity,3
clouded,1
conveying,1
perusal,4
inflict,2
keener,1
sufferings,2
remembering,2
fluttered,1
banished,3
imputing,1
agitated,5
repressed,2
ardently,2
detailed,1
degradation,1
obstacles,2
wounding,2
rooted,1
subsequent,1
compose,3
representing,2
endeavours,7
conquer,2
_spoke_,1
cheeks,4
obligation,6
avowed,3
unequally,1
_feel_,1
duration,2
overcoming,1
leaning,1
disturbance,1
visible,5
struggling,1
attained,1
expecting,5
_endeavour_,1
insulting,1
_was_,2
provocations,1
ruining,1
beloved,2
emotion,5
dividing,1
instability,1
involving,2
acutest,1
unmoved,1
remorse,1
incredulity,3
assumed,1
denying,1
kinder,2
disdained,3
noticing,1
conciliate,1
"on,4
founded,3
recital,3
misrepresentation,1
misfortunes,4
contemptuously,1
infliction,1
reduced,4
poverty,2
designed,5
desert,1
calculation,1
honest,1
confession,3
accusations,3
policy,1
concealed,7
impelled,1
unqualified,1
unalloyed,1
condition,3
behaved,8
start,2
obvious,1
mingled,1
impressing,1
fullest,1
arrogance,1
groundwork,1
succeeding,4
immovable,2
hastily,9
painfully,2
reflected,3
inspired,2
shameless,1
unpardonable,4
acknowledging,1
unequal,4
35,1
awoke,1
meditations,1
recover,6
indulge,5
turnpike,1
paling,1
gates,2
verdure,1
continuing,2
glimpse,2
retreating,1
stepping,1
instinctively,2
plantation,1
strongest,1
containing,2
sheets,1
pursuing,3
dated,2
"be,1
disgusting,1
paining,1
humbling,1
formation,1
"two,1
magnitude,1
defiance,3
blasted,1
wantonly,1
depravity,1
growth,1
severity,1
liberally,2
respecting,3
secured,4
obeyed,3
rise,2
undecided,1
attentively,3
scrutiny,1
participation,1
_i_,4
misled,1
acute,2
observer,2
investigation,1
decisions,1
influenced,1
repugnance,1
existing,2
stated,2
betrayed,4
pains,4
nearest,5
conducted,2
yourselves,2
preserve,4
coincidence,1
detaching,1
described,5
enforced,1
remonstrance,1
staggered,1
ultimately,1
seconded,1
hesitated,3
extinguished,1
concealment,2
unknowingly,1
weighty,1
accusation,1
refute,1
_particularly_,1
accused,2
summon,1
undoubted,1
discharge,2
supported,4
school,2
cambridge,1
vicious,1
propensities,1
opportunities,1
unfolding,1
advancement,1
legacy,1
survive,2
pecuniary,2
lieu,2
therein,1
accede,1
dissolved,1
pretence,1
idleness,2
dissipation,1
unprofitable,1
ordained,1
revered,1
resisting,1
doubtless,2
reproaches,1
obtruded,2
induce,3
unfold,1
junior,1
presided,1
ramsgate,3
younge,4
connivance,1
aid,1
retained,2
impression,7
elopement,9
grieving,1
exposure,1
unquestionably,1
revenging,1
narrative,1
henceforth,1
previously,2
detection,2
revealed,2
testimony,2
executors,1
unavoidably,1
transactions,2
valueless,1
bless,3
"fitzwilliam,1
darcy",1
36,1
contrariety,1
defined,2
comprehension,1
penitent,1
insolence,1
clearer,1
overthrow,1
cherished,4
definition,1
horror,5
oppressed,2
discredit,2
grossest,1
perturbed,1
collecting,2
recalled,2
gross,2
err,3
re,4
resigning,1
sum,5
weighed,2
impartiality,1
deliberated,1
sides,5
blameless,1
profligacy,1
scrupled,2
inquiring,5
trait,1
rescue,1
predominance,1
atone,2
casual,1
errors,3
vice,3
years',2
befriended,1
social,1
mess,1
pausing,2
alas,2
referred,1
awkwardness,3
hazarded,1
corroboration,1
remembered,9
impropriety,5
communications,1
avoided,1
discussed,3
hatefully,1
mediocrity,1
moderation,2
grasp,1
incautiously,1
lingering,1
struggle,1
fainter,2
justification,1
asserted,1
blamelessness,1
repulsive,1
latterly,1
unprincipled,1
irreligious,1
immoral,1
violation,2
incomprehensible,2
prejudiced,1
despicably,1
prided,1
blameable,1
mistrust,1
humiliation,2
wretchedly,1
courted,2
widely,4
unsuspicious,1
fervent,1
displayed,3
sensibility,2
merited,2
unfelt,2
soothed,1
depressed,2
probabilities,1
reconciling,1
repressing,1
unfit,2
_affect_,1
missing,1
37,1
obeisance,1
message,3
importing,1
dull,4
diminution,1
increases,1
accounting,3
_month_,1
june,3
dawson,1
barouche,1
box,1
abide,1
"mrs,5
post,5
improper,2
john,1
discreditable,1
bromley,1
studied,2
unjustly,2
upbraided,1
repent,1
slightest,3
heavier,1
chagrin,1
remedy,2
exert,2
restrain,2
giddiness,1
spirited,1
irritable,2
affronted,2
willed,1
flirt,4
prevailing,2
restoring,1
cleared,2
implicitness,1
replete,1
indecorum,1
development,2
packing,1
urgent,3
gowns,2
trunk,1
afresh,1
exerted,2
curtsey,3
38,1
deemed,1
indispensably,1
domestics,1
unpleasantly,1
disagreeably,1
disadvantages,2
abiding,1
sharers,1
elevation,1
sentences,1
drawn,8
unfortunate,6
firmly,1
sprang,1
regretting,2
trunks,1
fastened,1
parcels,2
commissioning,1
consternation,1
drinking,1
privately,3
revealing,1
conquered,1
indecision,1
grieve,3
39,1
appointed,1
inn,7
token,1
coachman's,1
punctuality,2
milliner,1
sentinel,1
salad,1
cucumber,1
welcoming,1
larder,1
affords,1
lend,1
ours,2
purchases,2
"look,1
bought,5
pull,1
abused,2
ugly,2
uglier,1
satin,2
trim,1
signify,3
wears,1
encamped,1
brighton,24
papa,5
delicious,1
campful,1
soldiers,1
overset,1
monthly,1
waiter,3
hears,1
chin,1
there's,2
liverpool,1
"safe,1
fool,2
straws,1
nasty,1
freckled,1
coarseness,2
_expression_,1
_sentiment_,1
harboured,1
boxes,1
bags,1
kitty's,2
nicely,1
crammed,1
bandbox,1
snug,1
flirting,2
husbands,4
can't,2
chaperon,1
forster's,1
(by,1
harringtons,1
harriet,2
chamberlayne,1
pratt,2
kinds,1
histories,1
jokes,1
additions,1
escaping,1
undiminished,1
welfare,5
doubly,1
retailing,1
louder,1
person's,2
blinds,1
pretended,2
handsomely,2
nicest,1
luncheon,1
merry,3
"far,1
depreciate,1
congenial,1
afternoon,3
regiment's,3
answers,1
vague,2
equivocal,1
disheartened,1
despaired,3
40,1
suppress,2
lessened,1
unhappiness,2
"blame,1
stroke,2
wickedness,2
existed,3
race,1
mankind,1
collected,3
vindication,2
labour,1
quantity,1
shifting,1
extorted,1
"wickham,3
profusion,1
saving,3
feather,1
"poor,1
gentleness,4
mismanagement,1
_appearance_,3
spur,1
abusive,2
stumbling,1
witty,1
undeserved,1
prejudices,2
"surely,1
dreadfully,2
undeceive,1
hence,1
desperate,3
allayed,1
secrets,1
lurking,1
forbade,1
disclosure,1
partake,2
encumbrance,1
mystery,1
steadiness,1
attachments,1
fervently,1
remembrance,3
requisite,1
injurious,2
sad,4
undeserving,3
collinses,5
manager,1
sharp,2
extravagant,4
_their_,1
outrun,1
lawfully,1
41,1
drooping,1
apace,1
extreme,4
heartedness,1
exclaim,1
woe,1
grief,2
miller's,1
sea,1
bathing,2
lamentations,3
resounding,1
diverted,3
anew,1
_three_,1
months',2
rapture,2
adoration,1
flew,2
restless,1
everyone's,1
luckless,1
repined,1
fate,2
accent,4
exciting,2
warrant,1
detestable,1
advising,1
improprieties,1
derive,2
temptations,2
"lydia,2
exposed,2
arisen,5
"already,1
squeamish,1
youths,1
absurdity,1
aloof,2
injuries,1
complaining,1
volatility,1
checking,2
exuberant,1
teaching,2
pursuits,1
meanest,1
flirtation,2
attraction,3
emptiness,1
ward,1
rage,2
comprehended,3
uncontrolled,1
censured,2
despised,3
prey,2
degrees,1
authorising,1
lock,1
content,1
vexations,1
unavoidable,1
augment,1
substance,3
volubility,1
earthly,1
creative,1
streets,1
gay,2
tens,1
scores,1
glories,1
camp,3
tents,1
stretched,1
beauteous,1
uniformity,1
dazzling,1
tent,1
realities,1
consoled,2
agitations,1
detect,1
sameness,1
renewing,2
serve,2
frivolous,3
"nearly,1
improves,2
gayer,1
aught,1
essentials,2
apprehensive,1
gentlest,1
accents,2
deter,1
foul,1
misconduct,2
cautiousness,1
alluding,1
adopted,1
awe,3
operated,1
forwarding,1
repress,1
broke,2
whence,2
pathetic,1
shed,1
weep,1
envy,3
diffuse,1
impressive,1
injunctions,1
clamorous,1
adieus,2
42,1
conjugal,2
captivated,1
illiberal,1
vanished,2
overthrown,3
tastes,1
enjoyments,1
contributed,1
philosopher,1
overlook,3
rightly,2
enlarging,1
abroad,4
repinings,1
dullness,1
regain,1
disturbers,1
brain,2
apprehended,1
hardened,1
watering,1
commencement,2
anticipation,1
discontentedness,1
carrying,4
ceaseless,1
realised,1
warded,1
defence,2
parasol,2
reappear,1
happier,3
querulous,1
war,1
quartered,3
curtailed,1
setting,2
later,3
july,1
substitute,1
contracted,3
northwards,1
celebrated,2
matlock,2
chatsworth,1
dovedale,1
peak,1
impunity,1
rob,2
petrified,1
spars,1
doubled,1
loving,2
enhance,1
disappointments,1
route,3
oxford,1
blenheim,1
warwick,1
kenilworth,1
birmingham,1
lambton,10
willingness,3
carpets,1
curtains,1
richly,1
furnished,1
finest,2
woods,7
acquiesce,1
resource,1
unfavourably,1
chambermaid,2
alarms,1
revived,3
43,1
perturbation,2
flutter,3
lowest,1
wood,5
stretching,1
top,1
eminence,1
valley,4
abruptness,2
stone,2
backed,1
ridge,1
woody,2
hills,3
stream,4
swelled,1
artificial,1
banks,2
falsely,1
descended,3
bridge,3
elderly,1
proportioned,1
surveying,1
crowned,1
river,6
scattered,2
winding,1
trace,4
positions,1
lofty,1
gaudy,1
uselessly,1
splendour,1
reynolds,10
miniatures,3
master's,3
army,3
intimation,1
plays,1
sings,1
communicativeness,1
"except,1
hearted,1
affable,1
pictures,1
dimensions,1
merits,1
landlord,2
nowadays,1
whispered,1
reaching,3
spacious,1
lobby,1
lightness,1
apartments,2
bedrooms,1
paintings,1
drawings,1
crayons,1
lifetime,1
sensation,3
canvas,1
inspection,2
consigned,1
gardener,1
date,2
stables,1
yards,1
abrupt,1
deepest,2
gardener's,1
lift,4
recurring,1
sedateness,1
distraction,1
discrimination,1
alighted,1
strikingly,1
water,4
nobler,1
mechanically,1
appeals,1
aroused,1
spots,2
wander,1
overspreading,1
triumphant,2
accustomed,2
circuit,1
hanging,1
narrowest,1
simple,1
glen,1
rough,1
coppice,1
explore,1
windings,1
submit,3
slow,2
fishing,4
trout,1
lasted,3
imitate,1
"delightful,1
"charming,1
mischievously,1
construed,1
unprepared,1
revolted,1
named,1
stole,1
sly,3
decamping,1
_surprised_,1
sustained,1
fortitude,1
gloried,1
tackle,1
reproofs,2
resuming,1
brink,2
plant,1
chanced,1
originated,2
inadequate,1
"informed,1
bakewell,1
acceded,1
outstripped,1
lawn,5
embargo,1
dove,1
dale,1
unbecoming,1
whimsical,1
misunderstood,4
mouth,1
unfavourable,2
flaming,1
comprehends,1
construction,1
faulty,3
naming,1
relied,1
environs,1
morning's,2
satisfactions,1
discontinuance,1
44,1
curricle,2
recognizing,1
livery,2
guessed,3
imparted,1
acquainting,1
newly,1
heads,1
disquiet,1
commonly,1
retreated,1
shy,2
obtain,3
monosyllable,1
scale,1
womanly,1
graceful,1
unembarrassed,2
discerning,1
barely,1
personage,1
overflowing,1
prepossessed,1
rival,1
interpretation,1
denoted,2
untinctured,1
"was,4
26th,1
unattended,1
temporary,1
outlived,1
courting,1
unbending,1
invitations,1
presuming,2
avoidance,1
construing,1
untouched,1
servant's,2
reference,2
recognized,1
indicated,1
imperfectly,1
debts,10
discharged,3
hatred,1
repugnant,1
friendlier,1
petulance,1
acrimony,1
enemy,1
indelicate,1
peculiarity,1
selves,1
ardent,1
unpleasing,1
possessed,1
imitated,1
equalled,1
45,1
saloon,2
oaks,1
spanish,1
chestnuts,1
intermediate,1
georgiana's,3
annesley,3
closely,1
employing,1
brevity,1
variation,2
cake,1
fruits,2
remind,2
pyramids,1
grapes,1
nectarines,1
peaches,1
deciding,1
predominate,1
learning,1
forwarded,2
sneering,1
uppermost,1
exerting,1
vigorously,1
repel,1
involuntary,1
refrained,1
discompose,1
injure,2
venting,1
criticisms,1
brown,1
coarse,1
tanned,1
rejoined,1
nose,1
teeth,1
shrewish,1
sufficiency,1
recommending,2
nettled,1
resolutely,3
'_she_,1
mostly,1
fruit,1
niece's,2
46,1
repining,1
missent,2
scotland,8
thoughtless,3
indiscreet,1
(and,2
it),2
conjectured,2
missed,3
finishing,1
seized,2
bewildered,1
coherent,1
f,5
gretna,2
w,2
b,1
clapham,4
hackney,3
dismissed,3
epsom,3
anxiously,2
turnpikes,1
inns,1
barnet,2
hatfield,1
kindest,1
apprehensions,2
safest,1
exigence,1
rely,1
darting,1
losing,1
precious,2
impetuous,1
superseded,1
detain,2
knees,1
trembled,1
commissioned,1
unintelligible,1
miserably,1
commiseration,1
glass,2
wretched,10
indistinctly,1
eloped,1
"grieved,1
horrible,1
meditation,1
brow,1
consolatory,1
bosom,1
palliation,1
intrude,2
engross,1
swallowed,1
handkerchief,1
torment,1
calls,1
meetings,2
retrospective,1
contradictions,1
varieties,1
sighed,1
promoted,1
termination,2
foundations,1
sources,3
exchanged,1
authorise,1
infamy,4
additional,2
anguish,2
deliberately,2
fluctuating,1
cares,2
deranged,1
satisfying,1
trembling,1
afflicted,1
actuated,1
"john,1
disclose,1
notes,1
excuses,2
completed,2
shorter,1
space,2
47,1
unprotected,1
friendless,1
colonel's,1
adequate,1
brightening,1
decency,2
guilty,2
removing,3
presumption,3
traces,1
exceptional,1
abundant,1
economically,1
expeditiously,2
forego,1
benefiting,1
dishonourable,1
indolence,2
dispose,1
susceptibility,1
captivate,1
profligate,1
insinuating,1
alive,2
liberality,2
lies,1
endless,2
thoroughly,2
unpretending,1
apparently,2
ensue,1
perceptible,1
moderate,2
favourites,2
*,30
forgetfulness,1
travelled,1
sleeping,1
wearied,1
paddock,3
lighted,1
faces,3
bodies,1
capers,1
frisks,1
jumped,1
kiss,1
embraced,2
filled,1
fugitives,1
safety,1
alternate,1
sanguine,2
deserted,1
proceedings,1
invectives,1
villainous,1
forsters,1
overruled,1
here's,1
fight,2
killed,4
terrific,1
fighting,1
frighted,1
wits,1
tremblings,1
flutterings,1
spasms,1
beatings,1
seclusion,1
household,1
busily,3
incurred,1
fretfulness,2
stem,1
pour,1
bosoms,1
balm,1
"unhappy,1
lesson,2
irretrievable,1
involves,1
brittle,1
lifted,2
moral,3
extractions,1
availed,1
sequel,1
"colonel,1
brains,1
unjustifiable,2
"could,2
pocket,3
'lydia,1
sally,1
slit,1
packed,1
_scheme_,1
belonging,1
hysterics,1
faculties,1
"mary,1
repose,1
condole,2
services,1
daughters',1
_meant_,1
condolence,1
insufferable,1
postilions,1
fare,2
remarked,1
anyhow,1
coachman,1
48,1
negligent,1
dilatory,2
duel,1
serviceable,1
heartening,1
reporting,1
irregularity,1
dispirited,1
striving,2
blacken,1
tradesman,1
intrigues,1
title,1
seduction,1
tradesman's,1
wickedest,1
distrusted,1
gaining,3
hotels,1
disinclined,1
intimates,1
clue,1
essential,2
curiosities,1
affliction,1
sympathise,1
bitterest,1
alleviate,1
afflicting,1
parent's,1
lamented,1
informs,1
licentiousness,1
enormity,1
howsoever,1
grievously,1
apprehending,1
fortunes,1
condescendingly,1
connect,2
augmented,1
reap,1
heinous,1
finances,1
transpired,1
gaming,1
gamester,1
spiritless,2
yielded,2
law's,1
"sure,1
stage,1
lowness,1
fairly,2
dread,4
sleepless,1
philosophic,1
"say,2
parade,2
nightcap,1
powdering,1
runs,1
eastbourne,1
prohibited,1
stir,1
threats,1
cry,1
49,1
concluding,1
thence,1
butler,1
copse,4
lagged,2
panting,1
"read,1
"gracechurch,2
august,1
settlement,2
conditions,1
privileged,3
haggerston,2
diligence,1
explicitly,1
"edw,1
"complied,1
"money,1
"wickham's,1
farthing,1
"ten,1
clearing,1
sixpence,1
requited,1
protection,2
consenting,1
"their,1
"just,1
preparation,1
exuberance,1
fidgety,1
disturbed,2
humbled,4
transports,2
pledged,2
sounds,1
dictate,1
calico,1
cambric,1
dictated,1
plentiful,1
consulted,2
philips,1
airing,1
bowl,1
punch,1
refuge,1
justly,3
50,1
annual,1
survived,1
britain,1
rested,1
cutting,1
successively,1
exceeding,1
proportions,1
acceding,1
concisely,2
fulfil,1
loser,1
board,1
undertaking,1
proportionate,1
speed,1
decent,3
philosophy,5
secluded,1
farmhouse,1
spiteful,1
oppressively,1
damp,1
attendants,1
nuptials,3
muslins,1
searching,1
"haye,1
gouldings,2
stoke,1
ashworth,1
pulvis,1
attics,1
admittance,1
impudence,3
guinea,1
inconceivable,1
valid,1
eloping,1
spreading,1
confidently,1
frailty,1
individually,1
gulf,1
impassable,1
scorned,1
shrink,1
blow,1
repented,1
proudly,1
spurned,1
gladly,1
mortal,2
multitude,1
connubial,1
precluding,1
permanent,1
passions,1
regulars,2
ensigncy,1
's,2
arrangements,1
creditors,2
payment,1
subjoin,1
south,1
begs,1
"e,1
residing,1
mildly,1
51,1
culprit,1
endure,1
decked,1
impenetrably,1
stepped,1
forwards,1
shewed,1
austerity,1
untamed,1
unabashed,1
fearless,1
demanding,1
limits,1
impudent,1
caused,1
replies,1
"only,2
expressively,2
hereabouts,2
overtook,1
goulding,1
glove,1
frame,1
wickham",1
housemaids,1
don't,4
newcastle,4
regretted,1
elope,1
flight,3
kill,1
birds,2
september,1
body,2
managed,1
clement's,1
eleven,1
fuss,1
distracted,2
sermon,2
breakfasted,1
you'll,1
foot,1
theatre,1
faithfully,1
burning,1
noblest,1
seizing,1
dropt,2
(comparatively,1
speaking),1
cogent,1
_shall_,1
tricks,1
stratagems,1
confidante,2
52,1
benches,1
sept,1
devote,1
foresee,1
_little_,1
comprise,1
explicit,2
racked,1
hunting,1
worthlessness,1
confide,1
generously,1
_had,1
another_,1
edward,1
bribery,1
corruption,1
insisted,1
expedite,1
consequences,1
resign,1
effectually,3
"every,1
postponed,1
battled,1
sorely,1
grain,1
borrowed,1
feathers,1
amounting,1
_anybody's_,1
_another,1
interest_,1
admission,1
staid,2
(what,1
bold,2
before),1
_prudently_,1
exclude,1
p,1
"yours,3
"m,1
unsettled,3
uncertainty,1
attendant,1
research,1
supplication,1
abominate,2
bribe,1
considerations,1
revolt,1
saucy,1
overtaken,1
strangely,1
biting,1
silenced,1
kympton,1
"exceedingly,1
_as,1
good_,1
conditionally,1
palatable,1
compromised,1
kissed,2
53,1
"write,1
simpers,1
smirks,1
prodigiously,3
forlorn,1
shoot,3
fidgets,1
news),1
latest,1
butcher's,1
ducks,1
_myself_,1
wavered,1
_with_,1
"yet,2
legally,1
hired,1
speculation,1
fool's,1
errand,1
neighbouring,2
"'tis,2
shan't,3
thirteen,1
sufferer,1
counted,1
intervene,1
what's,1
vow,1
explanatory,1
shew,1
undervalued,1
benefits,1
witnessing,1
lustre,1
unshaken,1
paler,1
sedate,1
contrasted,1
preservation,2
irremediable,1
thoughtfulness,2
changes,1
papers,1
courier,1
'lately,1
esq,1
northward,1
levelled,1
vastly,1
covies,1
compensation,1
kindled,1
chatty,1
mindful,1
54,1
deaden,1
dines,1
sportsmen,1
forbore,1
sanction,1
ungraciousness,1
enabling,1
wearisome,1
_then_,1
pouring,1
confederacy,1
vacancy,1
closer,1
enraged,1
protest,1
abhorrent,1
cup,1
scarborough,1
victim,1
rapacity,1
unsuccessfully,1
venison,1
roasted,1
fat,1
haunch,1
lucases',1
partridges,1
french,1
cooks,1
'ah,1
mortifies,1
instruct,1
55,1
"next,1
sarah,1
forwarder,1
hang,1
sash,1
winking,2
innocently,1
wink,2
waste,1
premeditation,1
ineffectual,1
officiousness,1
appointment,1
communicative,1
eccentric,1
invention,1
counteract,1
infinite,2
hearth,1
_hers_,1
basis,1
super,1
simpered,1
"jane,1
tempers,1
cheat,1
exceed,1
"exceed,1
dispense,1
petitioned,1
barbarous,1
detested,1
advantageously,2
vex,1
dupe,1
forgiving,1
_were_,2
forty,1
shift,1
luckiest,1
56,1
equipage,1
preceded,1
confinement,1
stiffly,1
west,1
puzzled,1
prettyish,1
wilderness,1
"go,2
hermitage,1
pronouncing,1
survey,1
trifled,1
insincere,2
frankness,4
contradicted,1
industriously,1
circulated,1
retains,1
allurements,1
infatuation,1
aspire,1
cradles,1
unallied,1
tacit,1
completion,1
inclinations,1
"obstinate,1
dissuaded,1
brooking,1
maternal,2
ancient,1
untitled,1
member,1
respective,1
upstart,1
sphere,2
aunts,1
recede,1
intimidated,1
persuasions,1
importuned,1
patched,1
expence,1
nephew's,2
earth,1
shades,1
polluted,1
insulted,1
constitute,1
obey,1
"neither,1
violated,1
scorn,1
final,1
ambition,1
57,1
originate,1
catherine),1
revolving,1
persisting,1
judgment,2
miseries,1
weakest,1
solid,1
reasoning,1
wavering,1
unblemished,1
constancy,1
obligingly,1
appeased,1
dismay,1
consequent,1
explanations,2
rushed,1
instantaneous,1
undetermined,1
penetration,2
sagacity,1
"something,1
gossiping,1
'having,1
advertised,1
presumed,1
illustrious,1
personages,1
land,1
'this,1
kindred,1
incur,1
closure,1
"'my,1
"_mr,1
darcy_,1
pitched,1
lie,1
blemish,1
pleasantry,2
"'after,1
termed,1
speediest,1
'i,1
hushed,1
declaring,1
christian,2
forgiveness,2
_missish_,1
hypocrisy,1
58,1
outstrip,1
boldly,1
executed,1
unexampled,1
mortifications,1
discovering,1
inducements,1
_family_,1
april,1
unchanged,1
fluently,1
undergone,2
heartfelt,1
diffused,1
proving,1
emphatically,1
contrariwise,1
irrevocably,1
frankly,1
premises,1
severest,1
annexed,1
strictly,1
irreproachable,1
inexpressibly,1
'had,1
tortured,1
devoid,1
burnt,1
unalterable,1
implies,1
charity,1
retrospections,1
void,1
innocence,1
repelled,1
principles,1
child),1
(my,1
benevolent,1
amiable),1
overbearing,1
loveliest,1
"had,1
"hate,1
blamed,1
leisurely,1
busy,1
watches,1
term,1
unabated,1
forgiven,1
59,1
unmarked,1
unacknowledged,1
overflows,1
_knew_,1
_felt_,1
joking,1
loves,2
doubtingly,1
_be_,1
shooting,1
disturb,1
epithet,1
lanes,1
oakham,1
mount,2
won't,1
vehemence,1
filling,1
disposing,1
"or,1
"none,1
gradual,1
test,1
reconcile,1
fellow's,1
_would_,3
rant,1
storm,2
tranquilly,1
familiarity,2
backward,1
fidget,1
pin,1
jewels,1
'tis,1
special,2
licence,2
omen,1
warmest,2
60,1
withstood,1
assiduously,1
"dearest,1
exaggerate,1
quarrelling,1
_too,1
much_,1
springs,1
detail,1
loose,1
rein,1
sends,1
sending,1
blown,1
parading,1
obsequious,1
jewel,1
shrug,1
shoulders,1
vulgarity,1
shield,1
61,1
relished,1
unusual,1
vicinity,1
darling,1
ungovernable,1
insipid,1
mix,1
moralize,1
comparisons,1
submitted,1
reluctance,1
revolution,1
ingratitude,1
congratulatory,1
_much_,1
expences,1
heedless,1
bills,1
cheap,1
bath,1
retain,1
heretofore,1
arrear,1
sportive,1
liberties,1
pollution,1
city,1
uniting,1
